1010;1001;0110;0101
5;19;38;38
19;17;13;20
10;16;29;23
13;29;24;48
14;14;40;21
9;20;34;63
53;8;84;19
16;15;31;41
23;5;67;29
15;10;56;20
19;12;42;46
20;18;26;34
14;57;14;26
34;68;12;19
22;55;11;31
23;7;85;24
25;4;57;28
7;81;3;55
53;76;9;11
44;47;5;13
29;18;19;30
65;21;26;7
6;29;8;65
18;16;43;29
9;32;7;26
12;33;32;74
4;25;18;55
11;20;19;21
25;8;23;17
35;30;6;18
8;85;18;34
19;45;8;28
40;2;64;17
13;81;7;44
11;13;40;13
4;13;24;124
41;37;32;15
17;28;8;41
62;9;47;6
21;114;1;7
26;9;25;25
47;15;38;13
15;24;17;23
22;40;9;65
16;72;4;22
31;14;26;11
65;18;32;8
20;3;100;12
10;52;4;61
16;20;22;26
7;40;8;35
10;18;29;36
51;23;51;7
36;20;14;41
9;14;23;42
28;13;17;19
14;23;25;72
13;30;11;21
26;21;36;6
16;29;30;72
26;60;14;10
73;6;42;12
24;10;51;10
62;35;19;11
8;9;33;62
10;37;17;31
49;12;32;24
19;25;18;28
18;20;18;19
52;25;26;6
25;14;55;42
23;21;15;7
50;20;26;18
36;46;4;12
14;10;50;35
21;17;12;41
96;7;32;8
21;5;41;63
10;18;27;96
13;107;8;38
12;102;6;35
9;25;12;29
16;8;18;31
29;32;17;11
66;15;35;5
44;23;16;5
40;50;14;15
30;14;13;23
15;9;47;35
24;16;13;22
7;10;63;52
16;29;35;43
20;20;22;11
27;40;9;26
16;13;27;28
28;30;15;15
21;11;21;58
59;58;7;8
10;28;33;21
16;12;51;28
15;53;9;37
41;3;53;9
20;23;7;40
15;4;69;46
27;22;23;30
22;44;15;19
94;13;34;12
63;15;39;9
26;5;37;14
14;53;9;37
65;19;21;15
11;13;45;46
45;71;10;11
2;37;19;86
13;32;14;24
16;88;7;25
16;18;43;23
77;24;33;7
32;24;16;10
13;29;14;19
29;26;26;51
72;16;37;5
65;21;15;6
77;26;16;6
34;31;52;12
56;8;59;8
32;21;55;26
24;16;12;16
82;16;12;4
45;26;12;17
8;9;35;64
64;29;19;10
51;9;50;10
62;10;52;17
27;4;108;13
9;35;23;72
79;8;36;6
53;17;38;4
17;1;73;18
39;23;18;17
53;17;36;7
32;6;57;32
29;6;44;11
12;16;9;58
30;10;49;35
35;19;66;19
22;20;19;9
11;39;25;46
25;17;13;24
63;14;60;14
15;22;34;30
25;48;13;24
30;32;31;14
68;34;11;10
22;13;21;18
23;12;31;16
38;43;33;5
26;8;60;15
29;29;8;21
5;22;24;58
35;12;45;11
65;36;15;6
7;14;16;21
14;32;17;22
18;3;77;36
14;23;20;18
8;56;4;40
29;7;70;7
8;35;8;35
29;8;30;17
24;13;34;19
11;19;35;38
63;12;12;9
30;13;43;16
19;40;3;25
86;22;21;14
51;46;13;12
38;10;81;16
59;26;33;9
25;69;7;9
18;32;14;26
29;43;26;8
29;48;6;28
46;7;42;12
26;19;27;9
34;27;22;5
9;8;43;44
12;27;46;19
34;3;56;19
70;32;26;3
17;18;49;26
14;54;9;46
81;13;39;3
13;13;40;19
7;70;9;64
16;21;12;32
19;23;13;25
16;33;7;72
63;8;55;5
23;25;17;16
30;65;11;17
24;66;11;12
29;55;6;21
32;28;15;9
18;20;26;26
13;22;60;21
23;16;22;45
38;39;13;9
63;10;37;18
27;7;51;12
81;29;17;5
32;24;35;10
59;34;18;12
46;24;11;8
34;27;26;6
27;74;4;19
26;14;33;40
14;6;81;38
25;12;28;23
16;42;11;49
42;20;26;12
46;42;17;2
16;16;30;75
14;10;29;33
32;8;71;25
17;18;15;90
11;18;15;71
14;26;20;42
52;31;16;11
30;22;14;15
8;20;23;22
3;23;29;74
30;41;26;15
16;18;18;19
53;36;3;11
24;5;55;35
37;54;5;17
39;54;12;6
24;21;36;7
31;16;24;15
23;9;21;16
75;21;26;6
36;5;104;9
13;57;12;17
54;13;30;6
67;19;12;15
6;23;25;47
20;10;40;31
20;11;64;19
38;28;20;27
19;13;36;23
73;12;31;10
28;8;46;8
42;37;16;26
66;14;25;9
15;40;7;32
55;5;34;24
12;55;8;26
14;59;13;43
28;9;27;21
11;21;16;27
25;14;25;21
84;10;25;5
18;53;6;30
17;9;64;16
16;14;18;16
28;50;4;43
5;47;9;79
43;4;56;14
28;11;25;25
17;63;8;27
14;19;26;39
27;19;7;26
29;8;38;18
22;45;6;15
26;29;26;32
8;15;30;75
33;58;10;25
23;6;41;16
5;13;11;112
57;37;19;9
17;20;16;23
68;12;49;9
12;41;33;57
29;9;25;20
25;11;19;17
12;31;12;26
55;26;40;10
7;18;31;61
10;28;21;36
16;71;7;18
29;27;27;14
8;22;25;70
24;41;30;23
12;17;45;26
16;36;8;15
31;2;109;20
54;16;56;9
21;9;75;5
102;15;26;5
7;39;13;102
18;14;59;52
60;13;36;8
65;13;55;8
60;7;41;14
14;33;18;33
55;18;28;20
34;21;15;13
40;10;67;16
10;34;8;32
17;62;12;43
2;51;9;83
29;35;7;20
20;24;21;32
16;25;14;49
20;26;14;18
29;18;11;30
14;22;36;19
10;45;22;21
40;48;13;9
14;10;42;40
37;4;69;14
39;40;24;5
27;16;62;29
38;31;5;23
39;57;6;34
13;12;51;34
5;29;23;56
36;37;17;9
43;23;15;10
4;25;40;33
49;5;63;6
21;9;23;20
15;45;14;7
35;12;31;29
23;14;42;31
41;26;25;34
29;18;61;21
17;3;95;16
20;14;67;16
31;17;29;6
18;57;8;10
26;21;42;21
21;76;12;7
103;14;32;4
97;40;37;4
14;60;8;54
11;12;46;52
25;8;35;29
50;20;51;13
18;20;16;24
18;15;39;48
53;13;16;15
14;15;18;25
48;15;56;10
20;26;29;15
15;61;9;21
45;50;25;9
80;12;24;11
61;16;15;5
22;21;13;22
15;72;10;47
19;20;19;17
17;5;46;33
17;9;51;31
17;18;20;52
39;25;13;14
31;42;17;8
61;31;19;7
21;21;22;14
42;27;50;15
24;17;76;32
49;12;35;14
46;25;5;24
21;35;28;39
60;16;18;16
52;4;76;11
49;15;54;10
32;37;13;40
39;21;16;35
19;46;20;32
23;18;23;17
69;30;31;7
10;12;71;44
68;44;13;5
13;26;25;60
13;39;20;42
44;19;47;12
30;10;31;30
10;9;56;40
19;45;25;55
26;27;10;23
12;16;26;55
6;20;13;88
17;70;13;36
55;56;16;7
35;10;27;9
18;54;11;27
16;49;11;59
8;8;63;53
35;7;39;18
54;7;40;13
8;56;14;31
48;68;9;8
3;15;15;99
17;4;42;39
9;42;5;31
19;18;29;14
60;39;5;11
82;45;14;5
57;32;9;25
11;2;124;22
13;16;34;40
22;21;15;32
18;9;53;27
20;15;50;24
40;11;10;10
12;12;21;22
37;13;29;32
8;40;19;17
26;30;47;25
10;64;7;43
25;31;8;41
54;8;81;9
17;21;27;22
58;13;40;6
37;11;31;15
25;49;12;38
16;86;6;21
19;37;27;26
5;50;4;95
67;41;10;14
27;11;43;14
50;27;25;12
10;18;18;69
33;43;17;12
7;48;5;81
12;34;30;33
11;34;15;26
38;45;15;9
23;71;7;20
3;24;38;87
3;26;17;115
13;51;10;36
28;33;22;12
24;20;20;25
37;7;57;7
15;12;53;24
6;61;7;52
29;20;35;15
43;56;7;28
9;15;62;49
13;15;56;23
19;20;12;9
17;10;41;31
5;48;10;77
19;50;7;38
11;14;53;59
44;31;29;15
23;16;17;11
18;12;39;30
24;17;32;19
51;20;40;15
74;11;25;8
10;103;3;40
12;45;33;69
21;24;22;31
25;15;27;33
23;6;65;24
21;19;13;24
62;3;67;10
12;18;16;37
13;20;26;44
13;10;26;61
50;51;13;19
54;6;71;4
13;12;59;26
45;19;52;9
8;17;29;57
34;27;14;10
5;27;35;50
17;19;11;20
30;15;37;10
15;11;40;37
10;9;33;56
6;13;55;58
24;8;31;14
9;19;24;31
28;39;11;30
29;18;16;21
12;25;8;43
10;8;32;40
36;34;5;27
29;69;11;7
33;4;36;3
42;22;25;9
15;58;9;31
12;65;1;59
20;15;31;33
16;18;63;33
29;19;48;20
8;55;5;61
13;66;10;49
72;22;39;4
42;28;15;17
22;69;15;32
33;10;56;22
52;8;42;7
20;5;90;20
5;33;20;96
22;8;54;15
12;103;7;35
5;19;42;61
38;28;22;9
10;28;16;46
13;61;12;43
11;19;43;20
20;9;37;16
13;11;40;45
8;67;14;45
32;17;86;8
47;15;32;12
41;24;20;23
4;18;33;75
46;20;26;8
57;17;20;10
40;12;30;6
34;13;26;33
16;6;40;62
46;14;29;28
43;49;7;16
20;71;13;35
27;1;54;11
23;73;8;33
54;54;14;15
13;10;62;27
4;11;38;51
39;81;4;25
26;14;40;13
39;15;30;11
20;26;6;34
17;110;1;22
19;9;88;16
11;12;47;71
20;6;55;29
13;22;12;20
6;7;43;30
5;48;9;50
1;21;15;110
34;41;6;17
3;15;17;101
39;48;9;14
66;42;15;5
34;11;81;18
73;18;17;22
42;30;15;17
53;28;13;31
30;32;12;24
24;3;71;18
53;22;13;16
34;33;16;22
15;17;24;70
30;39;12;14
25;70;9;11
23;12;15;23
26;33;26;29
32;18;15;27
14;52;17;58
36;37;26;29
37;12;39;18
8;48;6;35
4;25;28;48
47;53;7;5
8;21;20;43
62;12;16;15
44;18;32;8
13;38;4;51
27;26;18;28
51;29;28;1
42;35;9;10
21;30;27;14
14;40;12;14
11;37;29;20
47;22;41;13
26;12;28;10
34;40;9;15
19;60;17;40
29;51;12;27
10;18;32;58
32;89;12;32
23;18;43;36
13;8;28;40
17;50;9;32
5;26;12;82
5;37;25;57
32;12;43;11
25;44;11;25
96;26;15;12
23;31;11;23
22;8;38;19
31;22;19;14
9;33;19;39
71;13;56;5
27;16;7;24
27;17;25;16
29;31;24;24
7;11;41;35
7;24;22;64
42;28;35;17
5;4;30;33
37;26;49;21
27;40;25;27
53;13;38;6
35;18;32;8
14;46;7;52
8;23;52;53
28;26;20;17
56;23;22;20
37;8;47;10
7;26;7;103
9;8;28;54
21;3;52;30
27;71;6;23
27;88;3;29
42;31;24;16
31;40;31;28
59;13;17;15
24;18;44;18
15;12;48;37
39;15;21;9
104;8;22;8
29;6;30;16
21;29;21;19
46;20;27;8
42;55;25;12
17;16;31;16
63;36;14;10
13;36;20;41
49;31;61;9
90;24;20;7
44;61;9;10
14;83;5;19
29;8;31;18
48;5;40;18
37;51;12;14
88;39;9;4
5;47;8;83
24;104;4;18
31;67;7;18
38;17;13;9
13;11;13;26
12;13;12;36
48;36;18;19
13;33;18;45
53;6;61;12
11;24;19;56
7;26;15;68
15;5;63;50
24;24;7;28
17;9;63;17
27;42;15;24
25;20;21;14
53;20;55;4
22;6;43;39
5;89;9;45
21;15;45;17
63;9;40;17
12;4;51;28
5;34;12;86
35;24;51;18
17;70;6;37
69;8;52;10
26;4;111;16
58;18;29;8
28;36;21;38
12;45;23;58
29;60;5;16
9;56;10;48
9;13;34;36
84;8;33;4
12;29;28;60
32;14;18;13
24;34;8;30
32;67;6;14
16;42;9;72
20;3;116;18
12;7;38;57
28;69;6;12
16;89;14;36
56;12;30;9
18;107;5;22
72;5;62;7
10;13;56;36
26;11;92;18
12;16;36;33
18;5;57;49
21;7;60;36
78;10;32;2
20;36;21;30
14;12;39;47
12;52;8;57
16;65;14;11
12;7;48;34
27;8;42;49
23;37;20;23
17;28;30;20
55;42;22;16
13;19;22;21
31;40;14;23
48;13;38;13
19;41;21;34
33;28;18;17
13;14;30;72
17;10;53;18
3;70;7;61
10;31;13;31
32;57;12;22
20;35;14;34
24;52;26;29
21;7;56;41
61;23;16;12
19;17;7;45
22;4;70;34
7;31;30;52
60;9;29;15
22;11;41;28
13;3;93;33
19;11;14;25
55;1;91;18
43;29;17;13
71;29;24;5
29;15;9;31
9;33;37;26
4;30;16;52
17;17;29;29
16;39;20;35
15;58;13;16
23;38;7;18
20;16;59;35
23;38;15;40
14;29;28;31
15;42;7;26
10;14;36;60
19;20;24;21
20;15;35;5
40;20;48;12
5;11;43;57
21;65;4;48
8;31;17;28
33;16;74;5
34;40;31;19
28;35;12;19
21;54;14;54
39;21;25;1
27;8;28;11
18;29;8;19
42;10;28;15
44;19;38;14
11;13;40;46
32;39;17;20
30;26;16;46
29;60;10;28
8;12;44;28
33;8;84;12
48;26;5;10
16;24;8;27
94;26;21;8
14;38;11;37
14;27;12;25
13;20;20;54
80;10;19;9
61;34;10;6
15;7;52;22
6;29;32;44
11;30;18;71
40;26;19;23
24;57;17;18
95;9;49;3
16;88;6;25
15;70;12;22
4;27;45;50
9;25;28;74
29;21;7;23
19;74;5;23
34;57;9;24
27;8;98;15
12;14;26;28
6;28;38;13
5;51;19;67
10;4;33;51
64;56;7;13
9;8;34;72
64;27;17;11
4;22;40;46
14;36;13;25
22;26;15;11
13;11;20;22
8;57;6;36
13;6;100;40
18;11;42;10
16;66;17;49
36;7;37;10
12;55;10;26
52;23;8;17
9;17;27;30
38;20;10;21
15;40;6;22
17;62;8;51
104;10;25;11
38;9;25;21
27;3;46;15
31;56;17;11
23;18;41;10
12;21;28;26
80;12;36;4
33;4;57;19
14;31;20;18
50;14;13;8
14;22;30;38
47;3;64;9
87;18;30;7
32;22;18;18
5;41;30;45
17;47;23;45
38;7;33;21
17;83;3;50
61;18;32;9
39;27;32;23
9;40;35;32
26;7;38;14
67;33;20;4
14;8;33;83
30;35;9;23
14;27;17;55
14;32;14;23
8;63;10;24
6;12;27;37
37;17;30;15
34;22;15;14
48;25;11;19
21;21;38;18
67;13;17;5
22;15;34;31
27;22;18;25
99;11;35;7
12;6;75;37
53;16;18;7
31;14;15;29
43;9;34;22
14;8;34;27
33;28;21;42
52;41;11;17
36;12;26;10
15;9;47;47
31;10;16;10
29;24;28;8
11;20;23;38
10;19;67;17
29;15;39;18
3;9;9;117
19;55;9;18
13;20;24;47
32;41;16;11
44;35;18;7
22;15;46;18
19;8;35;21
11;56;1;70
35;28;28;14
7;10;53;49
29;49;9;45
15;86;4;27
25;42;14;28
18;47;9;13
10;38;4;40
43;26;19;11
21;13;21;29
36;30;22;5
20;8;57;41
15;7;69;22
25;9;11;13
17;47;10;35
23;20;25;13
10;50;8;20
24;27;40;16
57;19;27;7
14;13;71;38
24;10;31;28
24;85;6;36
17;19;14;13
15;49;18;28
26;24;31;21
12;33;21;63
14;23;18;20
40;34;7;25
13;17;16;47
66;18;27;5
7;73;9;23
26;18;9;57
5;32;25;43
22;44;10;8
4;23;24;85
21;5;54;27
29;52;17;10
53;23;14;11
6;21;26;91
37;56;7;27
54;8;36;7
32;16;53;11
36;36;33;15
10;37;12;39
13;20;18;21
4;21;24;79
18;18;55;25
18;13;81;16
28;28;34;12
5;15;20;85
11;141;4;23
26;62;7;9
31;38;27;32
34;17;36;57
34;26;49;24
21;76;8;25
34;42;18;11
56;19;16;9
35;48;4;11
40;28;40;20
14;38;23;38
31;23;24;15
8;46;11;30
65;44;10;9
16;13;29;33
7;29;25;38
16;8;45;51
31;11;65;14
26;32;39;21
3;59;2;65
20;55;20;36
51;18;21;10
21;49;17;44
19;44;18;31
17;2;96;29
10;27;24;32
39;51;23;15
37;26;24;6
7;24;38;29
41;7;64;17
29;11;19;22
17;50;15;35
17;8;75;19
7;51;29;77
26;10;79;29
55;30;13;16
18;16;28;30
16;72;13;34
44;14;34;16
24;5;45;21
6;52;8;80
16;18;17;11
4;24;22;88
20;20;27;49
29;6;48;14
35;48;16;18
10;35;8;47
34;66;12;8
25;14;16;14
17;11;48;33
64;6;56;12
37;13;34;14
59;62;3;7
20;5;38;42
52;16;30;5
16;11;44;22
13;20;22;30
12;21;23;28
40;15;36;12
27;50;13;15
9;101;10;31
41;31;10;15
20;30;16;7
13;20;33;99
26;34;15;24
25;2;75;25
7;6;33;50
70;12;59;11
12;16;22;17
8;91;11;47
8;30;15;71
16;17;26;19
14;18;35;6
33;11;71;14
27;4;54;19
13;81;5;33
10;15;28;69
63;10;41;6
7;13;15;32
42;28;48;18
28;65;13;13
65;26;8;10
22;9;72;10
17;26;20;16
59;43;9;13
70;9;42;14
16;9;39;53
50;32;10;9
11;24;22;35
42;22;17;13
32;18;30;15
36;63;19;12
18;22;23;56
12;62;17;45
80;32;25;17
16;30;24;19
23;19;43;28
27;14;46;27
40;12;16;15
26;49;17;36
30;15;23;21
29;54;13;9
55;51;9;10
14;44;28;16
26;9;81;5
3;18;47;37
22;13;16;13
31;38;16;30
17;16;69;27
77;16;15;7
15;16;49;17
34;25;21;22
58;55;21;4
59;12;31;10
8;29;28;22
13;12;41;39
7;34;20;42
12;12;25;41
36;29;12;21
13;10;22;76
23;103;2;12
13;49;11;65
34;50;7;30
21;20;13;22
15;38;46;28
57;24;21;10
58;22;40;5
5;64;5;53
6;34;11;23
74;24;12;10
109;13;17;4
19;30;36;34
56;17;35;21
23;79;3;23
12;25;16;47
16;11;23;39
16;8;48;23
9;43;17;52
41;19;48;34
9;38;15;33
37;8;41;9
13;68;7;22
28;9;29;20
22;49;11;61
46;11;20;14
39;12;88;19
13;11;33;51
10;32;31;20
79;23;35;11
44;1;66;13
43;41;9;10
4;66;8;74
53;23;19;7
64;14;42;9
13;21;8;42
88;16;33;7
23;50;15;11
40;1;95;13
18;73;9;23
24;16;50;33
10;65;10;64
34;16;28;5
69;14;22;14
25;31;39;8
35;49;8;18
51;20;23;9
56;40;15;7
17;12;18;62
17;17;5;58
8;35;8;44
37;46;20;15
10;16;31;28
87;10;22;5
8;21;35;29
37;20;54;15
10;19;22;61
24;32;23;54
19;24;18;27
32;12;22;7
15;18;14;24
26;15;29;25
22;11;30;25
45;29;17;6
13;10;51;43
18;12;16;20
11;62;11;39
43;25;33;16
28;19;16;18
8;30;13;56
16;41;8;31
29;38;10;8
8;41;9;47
16;28;19;25
29;34;10;29
45;40;25;12
37;22;17;10
29;19;33;36
6;18;50;37
22;57;10;22
22;13;64;18
35;10;33;17
7;37;18;64
14;65;25;27
17;6;68;45
3;9;46;46
61;16;17;10
45;53;7;14
21;18;24;35
25;13;38;42
36;70;10;13
26;17;26;40
23;39;14;20
17;21;21;28
74;20;11;11
32;37;6;43
32;9;71;11
6;18;60;36
31;8;26;16
15;29;14;38
69;15;22;16
54;14;55;14
35;9;21;17
7;26;13;86
73;13;31;17
25;17;100;19
9;9;34;79
30;34;14;16
19;42;10;23
11;17;17;17
15;41;14;26
23;27;30;10
14;29;10;22
33;26;45;8
6;21;10;102
29;10;24;21
25;12;62;16
36;11;36;9
25;57;16;36
25;11;48;19
22;47;15;16
19;11;52;22
19;15;37;42
34;16;68;9
12;21;21;21
18;76;12;19
18;5;60;52
23;37;12;15
35;0;75;32
46;15;41;5
6;16;64;35
16;17;21;15
12;15;30;29
36;36;3;31
40;12;41;39
46;5;67;14
16;44;11;38
13;67;8;32
26;20;12;65
55;29;56;7
34;23;14;8
31;41;9;22
49;9;75;7
22;11;61;35
28;3;42;24
27;11;20;26
4;16;51;57
13;11;15;39
17;71;2;37
43;33;16;19
18;36;41;11
13;35;9;30
61;24;41;8
19;37;14;22
23;7;69;40
24;20;9;15
11;19;23;18
37;7;37;28
81;17;17;7
45;20;46;14
12;34;16;42
27;48;16;14
7;18;33;26
2;21;34;50
7;57;6;33
48;24;18;23
30;13;26;21
17;15;23;35
22;45;21;40
20;12;22;31
10;8;28;57
44;46;8;15
45;6;28;10
20;16;6;12
39;18;28;5
21;46;15;52
33;4;69;12
2;9;43;21
55;16;56;12
80;19;39;6
12;22;9;14
38;21;18;20
50;14;49;2
10;21;24;16
43;56;9;24
22;12;69;15
21;18;36;25
17;11;49;28
10;28;7;29
61;12;48;17
26;21;42;25
15;15;39;57
42;35;17;16
16;27;19;27
44;44;8;17
8;56;8;47
16;39;17;50
46;22;45;12
57;18;11;13
58;12;35;2
53;37;13;15
32;64;4;27
15;62;10;34
22;9;58;28
52;3;38;6
27;4;76;28
33;16;26;6
45;40;20;12
27;45;2;25
8;14;21;49
16;58;11;23
5;50;8;28
12;24;8;33
10;73;4;35
5;39;26;74
9;63;6;29
48;16;27;6
35;25;20;18
9;39;21;41
9;21;14;41
27;95;7;32
15;6;43;52
17;26;24;49
51;37;7;11
2;36;18;81
27;11;27;36
21;6;41;40
87;46;8;8
20;11;76;18
26;22;30;6
8;20;51;78
40;10;34;11
21;58;19;12
17;4;48;24
13;10;63;35
25;32;20;17
30;31;4;37
34;18;47;11
28;31;7;36
7;20;33;51
50;54;6;23
39;7;84;17
18;25;11;32
8;40;7;27
5;60;23;32
23;15;12;17
23;27;14;16
28;10;49;21
49;34;19;13
13;6;52;36
17;33;10;65
38;27;11;17
47;5;26;12
12;7;46;47
32;21;28;48
19;41;10;18
17;13;52;40
16;15;59;33
18;37;12;32
18;33;7;41
47;8;32;9
11;19;12;31
34;4;45;16
15;21;24;24
9;48;22;58
12;21;12;31
7;51;5;68
33;19;19;17
39;47;9;22
72;39;19;7
31;13;14;18
46;10;31;11
60;9;37;22
8;44;12;44
6;52;11;69
21;6;19;13
15;72;9;25
18;68;10;13
47;18;46;9
30;55;11;16
61;26;9;2
13;39;44;40
24;33;18;28
46;16;8;28
6;18;42;23
33;48;5;28
40;7;63;20
28;14;31;8
37;42;38;6
45;19;56;15
57;39;23;7
14;12;31;29
21;29;11;17
31;28;27;5
70;23;30;7
17;17;26;24
30;29;12;11
29;28;16;14
28;8;33;32
14;22;16;44
18;27;10;23
9;97;6;38
12;9;44;43
27;14;33;18
9;20;31;6
42;49;12;9
5;62;23;53
57;10;22;10
86;22;24;4
26;9;32;21
32;16;34;21
44;19;36;4
21;3;76;26
23;16;34;12
6;27;33;104
12;26;27;53
33;43;22;8
43;25;16;17
24;66;12;12
17;8;55;30
26;42;20;40
10;16;39;37
6;19;18;104
15;24;17;33
15;32;16;31
47;20;18;19
21;82;17;27
54;34;19;29
19;12;26;45
51;34;33;16
3;16;34;83
11;38;23;50
56;32;28;6
17;30;11;17
50;23;25;21
5;29;20;100
16;23;30;33
19;5;58;22
22;70;6;25
24;11;37;21
17;67;7;34
44;9;33;7
5;31;8;52
19;17;38;18
36;46;12;24
46;23;38;21
21;59;4;24
6;31;22;69
7;40;12;30
48;15;19;18
25;23;31;26
26;8;73;46
20;14;34;37
88;11;17;7
32;22;51;16
12;9;50;56
41;19;15;13
26;26;12;24
20;14;42;12
14;14;37;57
7;31;11;95
35;14;36;35
32;17;16;21
49;6;72;17
21;28;16;17
5;32;18;34
4;23;23;59
25;56;12;20
52;9;32;10
11;22;10;46
39;38;20;11
69;32;24;5
34;56;5;22
20;23;46;20
79;12;22;13
19;24;34;48
18;57;17;46
22;13;23;39
11;16;30;18
21;2;87;20
33;32;27;22
5;32;20;87
44;22;6;8
25;13;12;52
8;35;16;94
55;34;9;21
11;39;12;58
15;56;5;45
24;7;42;29
5;19;35;62
8;44;22;22
31;8;39;22
33;57;12;35
9;10;40;39
16;41;18;17
45;48;10;11
32;60;5;33
20;18;26;17
64;10;55;4
32;14;49;9
55;16;34;19
53;34;23;8
58;18;31;13
22;43;36;45
60;16;72;9
109;9;25;8
38;60;7;3
12;56;6;37
48;16;61;9
38;9;60;12
19;37;4;31
31;48;6;25
82;34;10;10
16;63;5;58
45;17;12;17
21;27;27;12
46;31;26;16
38;67;8;13
23;10;56;15
9;6;47;31
20;15;11;11
15;17;20;17
34;54;9;11
80;20;20;3
49;13;20;13
17;14;22;37
13;13;51;33
28;11;25;39
47;21;11;15
41;24;17;15
11;24;10;114
62;22;30;7
18;16;17;18
48;33;17;7
23;68;11;6
34;22;51;25
24;4;29;26
11;18;18;27
47;49;13;7
7;57;9;63
85;10;59;11
25;7;19;42
12;80;6;29
53;24;9;17
23;9;52;27
53;14;29;6
5;37;17;62
31;15;9;15
20;12;43;15
18;19;24;13
30;24;18;19
85;20;23;10
21;5;40;40
38;27;24;9
11;15;34;24
26;71;10;19
10;23;19;27
14;38;25;18
43;28;48;7
64;26;40;13
47;13;65;6
13;31;12;45
22;46;11;15
10;14;46;45
24;8;39;24
12;44;11;28
12;26;34;49
13;26;23;44
20;22;19;35
38;12;78;6
22;12;20;29
6;38;14;29
6;20;15;92
14;11;35;30
19;9;77;29
25;70;16;13
27;4;72;10
102;19;18;8
33;26;12;18
36;2;35;27
15;17;10;48
12;20;22;39
30;11;51;25
8;25;44;32
14;48;22;38
11;37;35;32
19;15;42;18
31;28;57;26
15;38;3;79
40;26;26;16
87;10;41;3
12;30;7;32
14;28;13;16
16;39;5;61
26;39;5;24
6;19;30;46
28;17;28;4
20;10;29;19
48;30;43;13
59;7;40;7
103;18;21;5
21;7;52;16
29;40;23;15
20;14;63;21
21;7;78;21
37;16;49;33
17;31;24;35
69;7;29;15
22;18;30;22
9;66;13;20
26;37;19;39
48;49;12;12
7;16;43;59
15;14;20;19
48;50;8;10
9;44;4;47
14;19;16;44
16;32;17;32
19;25;29;20
97;13;35;12
14;20;28;35
66;18;23;3
23;58;5;22
16;34;32;34
33;5;50;31
35;23;21;20
17;12;26;33
24;15;24;41
29;50;12;21
7;71;9;59
23;14;35;48
39;24;14;20
8;10;34;35
15;11;67;19
52;57;19;10
35;29;26;20
3;84;8;33
16;40;18;32
13;35;11;19
7;43;28;33
14;24;18;26
12;27;14;71
50;15;40;22
29;8;38;18
8;35;11;33
17;23;9;20
27;17;45;24
17;4;91;17
15;37;18;15
14;72;7;39
41;45;9;13
11;36;2;83
19;14;47;12
56;44;15;5
6;17;22;47
13;22;14;17
6;36;8;47
6;29;28;84
28;5;58;30
45;13;23;10
7;26;19;94
48;6;41;7
14;15;43;32
20;16;22;9
15;8;86;38
18;12;39;10
20;41;7;77
12;44;12;19
15;38;17;20
48;17;20;13
60;22;23;9
19;32;16;32
47;33;13;11
11;23;49;44
5;42;15;38
19;108;3;26
4;23;23;65
14;21;11;17
17;42;9;25
17;62;11;16
13;17;35;19
7;39;16;35
28;20;10;24
43;4;83;12
19;19;25;23
41;11;60;20
6;41;9;42
61;24;43;8
18;26;49;28
55;25;14;4
6;35;16;90
7;66;11;32
36;20;45;22
9;61;7;32
24;53;7;21
25;43;17;66
44;34;16;11
48;16;30;5
51;25;20;6
28;2;63;37
86;45;26;6
6;28;24;67
18;21;23;27
43;61;10;17
38;40;10;17
48;10;56;16
38;47;13;9
20;86;3;24
22;34;27;26
27;27;17;26
6;62;10;20
15;44;19;64
33;40;14;33
71;33;13;8
5;13;80;35
52;12;52;26
3;36;23;27
54;7;64;11
70;21;22;4
16;95;4;36
21;102;3;22
38;13;20;14
43;8;27;17
4;74;6;77
62;17;50;5
9;32;26;27
32;15;22;10
31;11;23;23
16;57;7;52
8;43;10;58
46;7;45;18
39;15;27;10
36;52;14;12
9;27;21;17
8;30;49;35
27;30;10;35
47;13;12;14
67;29;34;5
24;31;31;6
36;15;22;19
5;34;24;78
51;19;30;31
11;59;10;51
52;11;64;9
17;27;21;52
76;12;19;4
37;5;45;12
6;10;31;47
33;27;33;27
17;36;5;44
7;31;7;67
7;21;32;57
40;5;78;25
24;38;34;33
68;32;13;4
8;18;21;64
50;13;76;12
12;39;6;33
101;16;22;3
25;11;25;15
6;29;13;69
72;18;36;3
6;42;8;40
30;11;36;12
35;10;9;25
23;8;90;17
30;12;65;17
27;15;13;15
20;15;29;45
48;20;36;18
7;18;9;77
125;21;20;0
22;49;19;34
9;21;30;23
10;8;34;60
52;33;11;16
14;65;13;31
17;26;17;13
30;28;29;28
21;70;13;30
7;32;8;97
38;18;28;11
6;45;7;70
26;13;16;21
19;19;11;31
77;19;20;20
29;29;32;21
119;12;23;6
12;12;38;43
6;60;14;69
10;32;29;45
17;17;16;17
6;22;20;95
6;34;9;56
85;25;25;6
12;29;40;27
4;21;31;61
31;81;4;6
66;19;19;12
14;12;77;5
19;14;27;64
23;3;92;27
13;34;27;34
8;26;14;66
38;6;31;12
38;77;16;16
12;31;11;33
7;44;7;25
14;25;14;15
33;12;25;22
24;10;18;12
10;17;25;72
34;27;20;38
36;16;49;6
40;41;18;29
18;19;19;15
40;35;9;9
45;10;36;9
74;35;3;13
12;28;38;47
12;22;24;48
40;30;11;18
40;36;8;20
68;28;12;8
26;41;8;24
61;36;13;8
12;14;11;33
40;4;96;21
29;29;11;20
17;14;37;31
3;54;3;35
11;64;18;39
25;113;3;16
10;99;6;20
88;26;22;5
93;10;19;5
20;15;25;17
38;25;53;25
33;11;32;9
26;10;29;8
32;7;53;32
18;15;34;54
15;19;16;11
27;21;11;16
18;62;4;65
14;14;19;49
36;9;16;19
46;18;63;16
7;23;24;32
20;45;10;25
4;12;62;56
23;6;78;40
27;10;24;17
17;60;6;31
19;10;46;24
13;25;21;55
17;49;7;29
19;7;62;17
12;20;38;63
47;27;36;9
18;42;27;50
20;7;91;12
21;2;84;21
25;45;17;13
17;54;12;25
14;59;13;52
18;11;84;28
110;24;12;4
10;47;12;86
56;5;36;22
22;20;29;19
69;25;10;10
8;30;10;56
3;33;27;67
12;40;11;24
18;23;18;15
66;6;38;16
11;17;31;69
57;8;26;15
43;52;20;9
19;14;23;19
12;23;59;19
34;11;34;29
5;46;9;48
6;9;45;61
21;9;22;17
13;53;5;36
17;21;25;16
19;10;40;19
17;70;16;44
48;11;30;7
37;37;24;12
19;13;61;14
63;51;17;8
35;14;69;12
4;5;15;121
27;12;23;12
54;35;13;8
32;2;40;27
18;25;7;17
27;9;24;12
32;13;17;23
22;19;25;17
13;19;14;41
14;21;22;20
46;23;24;10
40;28;30;17
13;12;42;52
44;4;63;21
13;62;21;41
37;34;30;31
23;20;12;29
12;24;20;29
19;11;32;26
25;10;100;11
26;27;10;15
51;5;62;11
8;17;28;74
16;57;12;64
38;35;13;14
29;32;19;19
57;9;20;7
30;18;11;21
18;48;10;48
53;42;19;6
6;14;30;91
34;13;39;4
37;37;14;12
18;18;30;20
6;24;36;43
42;37;10;19
17;30;26;18
46;30;20;20
42;47;14;26
11;32;15;17
14;80;12;28
36;36;12;35
25;17;18;17
8;14;44;56
24;29;18;15
96;6;29;5
16;12;62;29
32;7;43;9
11;35;6;40
30;61;10;16
12;7;38;62
59;17;16;7
38;12;84;18
24;106;2;20
17;12;42;32
8;45;12;26
44;45;6;24
14;14;17;42
23;50;7;38
9;86;6;35
40;8;39;47
16;56;7;55
15;5;88;47
40;67;13;16
43;14;30;5
14;9;64;28
38;35;9;12
36;42;10;8
16;45;14;47
2;27;24;61
26;16;43;13
43;31;8;18
5;34;14;108
18;6;119;13
23;45;4;34
24;11;43;34
33;28;12;14
105;6;30;7
11;14;26;67
17;15;34;38
17;8;13;59
13;13;26;35
29;53;11;11
37;8;31;22
41;11;25;12
5;21;12;61
29;21;16;16
37;37;17;8
28;55;15;10
37;8;34;32
53;17;48;3
14;28;23;19
43;47;10;7
46;5;53;8
9;25;36;60
5;11;34;75
35;79;7;14
13;34;27;37
14;56;15;37
61;11;24;20
9;16;30;72
6;47;6;69
9;18;39;52
10;12;25;35
12;20;23;48
46;31;16;15
15;30;14;29
4;18;14;81
43;9;58;29
8;21;31;43
29;9;19;17
31;31;62;14
41;5;35;8
62;35;17;10
61;12;58;22
7;34;16;64
1;24;20;120
29;15;12;31
12;20;36;19
29;13;18;30
8;110;2;26
17;12;24;20
15;56;15;34
15;18;20;34
16;51;15;63
17;17;26;34
8;39;21;52
25;24;11;17
26;9;56;31
18;53;11;52
83;26;21;9
18;15;33;31
30;32;6;33
14;12;83;19
75;33;19;6
30;22;11;24
72;6;32;4
19;5;52;54
22;20;23;26
6;46;6;30
12;9;23;45
38;28;9;21
89;11;36;3
21;13;40;25
11;11;46;50
15;19;63;10
40;32;15;21
16;35;7;35
13;4;76;22
18;6;52;16
55;23;18;18
40;15;22;31
19;58;12;10
11;16;16;19
9;29;10;32
5;78;12;37
44;11;25;16
30;11;18;16
9;37;17;24
10;40;23;26
19;21;61;20
17;25;29;21
15;45;18;71
22;17;32;16
45;27;45;17
18;41;9;24
13;49;15;42
50;19;36;14
44;44;9;16
22;14;36;43
56;18;33;8
10;9;29;28
51;26;36;6
2;28;12;102
19;28;28;49
14;30;8;32
25;16;27;3
44;11;26;12
26;36;21;17
1;62;9;39
21;14;46;17
70;21;11;8
49;27;58;6
49;14;18;6
11;10;20;99
24;41;24;13
32;35;14;9
48;26;13;10
50;48;20;16
16;15;17;19
23;66;11;34
12;40;16;22
22;8;91;23
20;22;13;54
6;44;7;56
41;23;45;7
36;5;52;24
26;36;13;47
18;28;25;10
22;25;19;14
10;4;37;23
50;42;22;21
26;48;9;20
26;16;19;23
7;46;12;58
23;38;11;29
30;92;3;15
44;26;23;9
17;59;4;58
69;16;32;11
22;41;15;14
18;63;14;52
31;43;9;24
30;62;11;30
22;28;14;18
13;33;8;58
48;10;30;18
42;56;8;13
35;26;33;12
18;79;7;28
55;18;35;31
36;5;29;14
57;25;9;13
19;21;26;29
16;40;10;22
96;9;25;3
73;24;23;14
6;23;16;81
15;22;8;25
24;18;13;13
26;48;20;15
18;43;18;29
21;7;80;29
29;7;40;20
13;38;34;45
7;29;19;24
14;81;3;21
9;11;52;34
14;5;54;47
14;23;37;61
21;9;15;27
36;44;6;19
85;19;34;5
46;42;11;5
19;23;60;19
33;5;90;14
15;38;30;33
45;43;21;31
14;10;63;10
27;49;18;6
13;17;21;46
47;27;14;13
8;61;16;21
48;5;69;16
52;10;49;6
58;26;29;7
92;18;31;9
49;41;13;12
25;20;39;38
14;88;7;40
29;34;15;16
29;28;17;17
13;79;18;29
35;14;28;15
43;16;59;16
28;11;100;6
25;21;66;8
7;43;12;82
17;58;5;45
16;43;9;35
15;34;16;13
7;51;5;76
14;11;40;35
3;23;12;84
45;13;51;19
16;22;54;33
38;32;14;17
10;7;47;64
15;3;94;27
9;24;8;78
30;19;27;16
18;22;27;57
10;20;18;57
19;28;11;74
23;4;102;24
10;10;43;45
43;34;17;5
66;26;17;4
20;5;81;17
34;19;103;6
21;54;11;20
48;17;69;7
109;8;33;4
12;89;6;39
24;44;19;21
13;9;28;62
7;32;5;35
7;30;12;79
19;16;32;27
107;21;28;2
38;34;16;20
7;13;23;45
15;23;13;58
40;23;25;7
17;6;52;36
6;14;21;99
18;17;30;32
19;12;37;26
30;18;12;23
8;100;2;33
18;19;20;24
19;27;13;39
51;10;65;11
12;33;22;46
41;78;3;6
23;64;6;35
32;32;5;17
26;56;7;20
39;28;22;20
40;12;21;21
7;38;13;20
49;25;16;15
41;5;69;12
8;16;24;41
18;45;16;52
4;19;27;64
9;26;22;63
54;11;20;11
17;17;36;30
9;43;17;20
70;19;32;3
37;58;8;9
71;7;38;10
4;41;7;50
15;34;11;57
101;15;42;4
61;30;31;6
5;31;12;73
9;14;53;59
33;28;24;9
25;3;72;50
17;31;24;13
23;87;7;19
52;31;36;13
36;41;33;9
18;16;26;9
26;14;24;14
17;17;44;50
20;56;18;32
11;15;19;22
18;7;44;13
20;1;91;16
36;8;44;29
21;98;14;23
10;17;26;8
3;71;13;21
2;26;12;57
11;12;57;51
3;53;11;83
75;22;23;6
45;10;27;4
12;4;113;27
31;7;73;12
17;16;29;26
51;29;19;8
20;17;48;43
47;47;15;7
77;13;33;5
16;9;31;33
25;11;97;17
28;2;67;18
12;59;18;57
36;37;13;18
24;41;8;25
15;33;21;14
47;19;36;20
78;25;30;9
33;19;23;11
51;14;35;11
19;9;24;48
57;29;15;14
13;65;13;26
45;37;13;24
39;27;13;10
23;31;33;5
14;10;27;11
13;8;36;44
48;25;22;16
14;12;59;27
29;15;24;14
2;39;5;85
15;80;1;41
22;47;13;27
27;10;33;11
21;24;23;23
74;19;22;8
67;5;25;7
12;12;37;29
21;22;56;30
20;61;19;28
44;33;21;6
6;9;24;43
53;17;47;8
32;7;33;15
76;10;51;8
12;10;50;37
42;26;48;21
33;20;50;46
43;25;19;11
14;13;33;52
71;34;23;3
31;6;70;17
6;36;5;65
79;25;18;4
11;43;13;38
32;16;45;31
25;10;32;33
37;13;48;22
29;46;15;7
69;17;46;23
6;21;36;86
30;20;27;58
10;10;55;32
4;41;11;28
17;25;7;14
24;29;28;16
7;12;24;78
25;13;38;8
97;16;40;6
16;13;10;34
10;42;12;68
10;16;16;23
38;36;8;34
7;77;5;24
43;45;10;11
15;52;9;42
35;22;19;13
61;25;12;7
22;14;24;22
29;23;9;26
49;41;10;22
12;45;23;54
34;16;72;18
41;59;13;7
77;32;32;10
13;24;20;33
43;75;12;20
43;8;78;14
32;52;13;10
20;18;59;25
32;5;66;19
11;9;39;27
13;31;38;26
88;18;18;4
8;65;10;40
41;9;69;11
8;52;5;38
53;17;22;7
22;19;84;4
3;24;23;119
16;10;30;34
41;30;34;18
22;81;11;31
25;5;41;20
35;5;57;22
3;20;20;103
47;24;18;8
50;31;47;11
46;9;30;16
11;18;28;67
17;46;22;30
28;14;40;15
26;82;6;40
18;45;10;73
10;26;25;26
6;27;11;103
11;12;17;56
8;38;19;81
26;72;8;43
23;24;24;14
19;63;7;15
39;24;19;24
115;17;19;1
8;61;14;17
19;59;7;18
33;17;12;23
36;53;14;13
27;49;7;25
37;40;25;16
4;30;21;73
35;60;7;15
18;16;15;30
30;5;71;29
13;18;26;19
4;11;48;50
23;23;44;46
48;47;7;12
5;34;11;98
49;33;8;16
13;43;17;61
54;13;80;4
28;12;21;23
11;60;4;44
74;13;22;22
11;6;75;31
21;3;60;41
55;10;18;26
45;37;21;14
9;16;14;98
30;20;14;18
7;83;8;42
14;29;8;38
24;29;24;44
21;77;10;15
7;9;26;42
22;11;42;20
42;8;38;24
14;81;11;37
35;13;62;19
7;55;20;25
18;42;24;11
35;19;31;28
63;36;13;5
22;30;16;12
17;19;20;29
24;29;27;20
22;25;22;20
17;5;42;64
12;61;18;36
46;22;13;10
13;62;6;26
23;11;81;22
37;30;29;32
34;66;8;12
16;20;66;14
32;24;65;9
20;19;19;64
47;9;45;14
55;16;48;7
30;3;68;10
37;33;29;7
40;32;11;17
27;1;68;39
25;12;29;19
26;12;30;31
18;18;34;38
23;4;63;33
37;25;24;19
8;31;17;16
37;20;34;10
90;5;60;3
9;24;21;35
15;42;26;67
79;11;43;11
9;21;41;27
41;14;23;17
90;10;28;9
31;16;26;12
28;44;6;14
6;48;12;74
19;41;8;36
12;13;46;29
37;30;21;12
37;70;7;8
11;24;36;19
4;35;19;35
65;28;10;10
32;34;23;12
21;15;13;17
40;15;56;13
11;10;19;92
23;105;2;18
23;15;30;8
41;14;20;24
0;36;21;80
51;20;7;21
9;23;25;44
9;34;20;26
39;3;16;12
19;20;6;34
50;28;14;10
28;2;93;20
15;53;32;31
24;27;30;18
6;33;5;67
57;49;11;8
32;17;46;37
28;47;34;15
34;22;13;13
28;70;7;15
12;21;36;38
11;21;40;19
20;53;13;20
0;71;8;46
13;15;37;15
12;71;5;50
10;28;24;75
31;14;22;43
18;16;52;15
37;13;33;14
30;63;15;20
29;15;19;12
24;39;32;20
34;3;64;27
20;56;10;53
58;13;44;12
7;9;45;55
30;16;32;27
24;26;33;32
32;54;4;23
17;12;16;14
99;7;35;8
6;21;6;76
17;38;7;18
11;19;14;18
15;14;48;30
42;38;21;28
7;70;9;57
30;9;56;17
11;33;26;49
13;31;11;26
16;15;40;27
9;17;38;72
13;24;26;60
12;17;44;32
59;23;18;5
30;11;43;20
22;12;25;21
44;9;37;8
36;7;62;18
12;12;47;41
20;16;49;21
20;7;120;14
22;56;2;51
23;22;22;22
15;15;20;22
9;31;23;64
24;16;17;20
6;64;2;52
14;12;29;38
29;82;7;18
8;23;41;18
10;24;31;44
17;26;15;17
21;10;45;39
8;16;32;95
66;16;45;10
17;6;39;33
5;31;26;43
8;18;14;46
18;17;21;24
38;32;10;17
30;62;7;21
14;20;33;41
22;18;81;27
13;66;17;49
58;9;23;17
6;50;7;71
27;7;71;7
50;20;33;13
63;23;20;24
44;1;68;16
20;9;31;20
17;14;24;43
6;41;13;64
20;25;6;30
46;13;54;19
15;7;43;37
11;30;51;35
10;80;10;27
52;38;12;11
10;27;26;66
29;4;69;35
16;24;19;23
75;22;21;12
17;13;39;32
29;37;30;32
10;22;11;64
6;51;15;36
21;12;29;11
38;50;21;9
16;14;33;19
28;10;36;17
7;31;30;25
22;10;37;32
13;34;8;61
48;38;16;7
14;14;37;22
11;21;7;37
20;26;20;21
61;17;43;13
22;40;18;22
13;15;32;24
25;18;26;24
15;38;8;33
29;60;13;8
11;73;12;31
15;11;25;29
16;16;40;44
29;17;51;23
21;47;10;20
35;12;32;20
7;10;40;82
29;16;23;32
71;22;15;14
29;67;9;9
11;22;18;75
24;33;7;38
30;77;7;8
19;43;21;29
57;17;41;9
26;18;41;29
12;42;17;25
15;23;22;40
8;40;6;58
61;25;21;10
39;5;50;17
21;12;74;22
13;18;58;35
10;19;44;47
40;24;11;53
64;13;46;4
17;19;21;48
10;19;17;56
34;36;13;12
29;25;13;21
13;26;9;55
33;30;10;17
29;38;24;27
16;9;37;56
17;35;23;31
82;22;32;2
24;56;19;12
31;8;33;25
26;23;18;18
72;10;47;6
12;18;24;52
48;10;59;12
25;65;7;17
20;4;40;20
37;8;93;14
7;56;10;22
66;18;25;5
57;35;13;7
14;9;32;36
14;29;15;20
23;26;12;30
21;12;19;12
19;17;47;14
1;18;10;130
12;24;40;19
8;34;6;47
42;48;22;6
16;15;24;10
27;39;10;9
21;52;5;27
25;55;11;45
19;12;23;18
28;11;11;21
23;13;25;24
39;19;18;10
18;69;15;8
32;19;22;12
26;11;31;12
35;16;59;17
9;25;28;56
32;85;4;20
8;34;9;77
19;8;28;17
44;7;93;12
16;42;20;61
11;19;23;30
77;6;51;4
15;10;24;10
22;12;23;26
16;11;21;29
40;8;62;18
22;31;14;9
35;25;21;5
20;34;10;19
38;22;23;7
40;10;18;8
29;29;15;18
14;58;9;37
61;20;34;8
15;16;25;14
24;13;26;28
22;17;18;19
80;28;11;5
68;14;40;4
17;53;16;18
49;8;75;9
29;6;51;31
6;35;12;45
31;5;95;12
7;50;15;53
26;32;15;26
35;45;10;16
65;17;35;13
103;14;23;6
28;28;10;31
15;21;17;16
67;23;9;21
32;9;36;16
7;40;16;60
12;17;21;36
49;43;22;7
56;52;7;12
10;22;12;33
7;9;43;45
31;59;4;37
69;28;27;5
19;26;42;52
73;27;17;4
38;25;16;19
36;56;6;14
5;31;33;35
41;8;54;19
26;30;33;10
30;17;18;44
26;11;63;18
26;41;7;39
22;13;32;14
60;19;38;8
14;25;20;28
26;17;21;17
36;12;17;15
28;13;63;14
34;10;28;13
59;17;24;10
54;19;68;10
39;31;20;16
11;46;8;39
18;16;31;40
4;28;12;100
34;25;24;18
43;42;6;66
28;87;3;22
31;53;4;17
34;17;19;11
41;16;24;15
19;17;70;24
54;5;67;13
20;5;47;18
93;28;9;6
8;31;21;47
22;27;8;28
18;43;8;31
26;33;26;9
93;14;32;9
26;40;14;23
17;11;27;21
27;9;76;14
8;17;16;62
43;28;14;11
13;15;35;13
22;63;7;36
78;16;19;17
20;115;3;21
18;46;22;47
58;22;23;6
36;37;25;11
11;20;40;52
34;34;23;18
32;21;8;20
18;10;72;20
10;21;42;40
42;26;29;14
53;13;29;7
13;72;6;54
4;41;12;39
24;65;9;30
79;19;32;7
40;26;26;16
63;18;35;12
48;10;12;28
16;27;17;9
5;36;25;70
20;18;18;24
12;33;8;54
26;35;8;29
7;8;69;42
2;13;43;39
20;23;16;14
23;46;14;17
53;15;13;27
53;28;24;5
24;30;27;24
45;11;47;16
12;8;58;36
33;18;70;16
66;45;15;11
28;61;7;13
20;24;15;24
19;101;1;12
7;91;5;24
51;26;26;14
24;20;48;10
54;27;29;6
6;29;21;43
19;37;17;26
27;21;27;42
29;19;32;10
21;20;20;40
21;41;18;19
46;23;22;9
53;47;8;15
10;41;12;53
55;6;62;4
8;75;22;37
16;16;64;22
23;52;24;13
54;17;23;11
9;9;49;48
16;23;22;19
16;25;15;27
48;11;31;20
18;7;30;68
43;14;16;7
82;19;13;5
43;59;7;12
7;29;12;68
84;16;28;11
46;52;20;5
17;15;14;33
38;53;11;17
49;40;17;6
78;11;28;11
14;9;35;19
37;38;22;21
16;86;2;40
23;4;106;11
31;41;12;31
5;46;9;55
88;10;49;11
14;32;13;38
14;16;28;49
14;15;33;38
48;13;27;12
64;45;13;7
16;38;9;20
7;113;8;22
44;49;10;10
7;5;49;31
36;23;16;35
9;24;32;12
15;19;21;60
28;9;22;18
20;10;46;29
7;21;33;44
19;25;27;12
8;13;19;87
12;29;19;39
86;17;42;6
12;54;15;25
27;20;19;17
46;7;42;5
48;16;26;28
39;15;68;20
28;22;40;15
23;33;18;17
19;29;6;38
9;30;26;29
16;12;38;16
21;22;19;26
14;19;26;38
19;10;43;33
6;33;11;45
10;15;51;40
0;32;25;58
45;14;37;18
4;60;28;28
43;36;8;8
15;28;10;56
20;97;8;15
19;26;25;24
18;14;18;20
29;7;25;17
92;10;33;5
30;8;50;7
7;31;7;81
79;17;27;3
8;14;32;41
17;79;3;21
41;61;12;5
7;29;47;36
62;39;4;15
24;18;34;10
56;36;37;9
33;79;3;20
28;7;28;9
47;10;16;14
66;34;12;9
14;4;116;17
51;37;20;8
49;18;20;6
67;4;71;13
13;39;11;24
8;20;5;61
36;14;16;11
28;23;17;13
25;22;32;33
6;6;70;36
17;89;9;20
16;20;35;27
50;29;25;16
79;23;18;7
19;53;11;27
32;15;24;17
26;22;13;10
32;42;13;14
19;68;9;39
32;23;16;15
80;33;21;5
8;69;5;54
20;61;4;26
27;50;9;41
25;20;64;22
40;0;85;18
16;18;15;29
16;25;25;19
11;26;8;100
7;16;28;45
25;7;70;36
9;19;34;22
39;44;17;11
67;26;34;6
8;24;54;37
20;27;18;28
17;83;9;9
54;38;31;6
24;11;47;21
95;8;44;3
11;36;10;33
65;17;29;5
31;81;7;15
10;47;25;24
11;108;5;19
5;12;38;27
8;24;14;87
23;28;23;30
9;12;53;62
70;9;50;13
7;38;7;56
3;63;7;33
27;14;48;37
29;23;55;25
20;16;24;10
21;44;12;53
28;19;24;18
39;44;19;12
23;5;50;47
19;69;10;16
14;29;14;21
67;18;24;13
8;17;38;39
37;45;8;21
38;9;68;15
15;56;14;18
63;35;12;5
14;16;21;41
15;33;14;11
8;98;8;29
24;69;9;16
25;27;10;19
8;13;33;46
33;44;23;19
16;35;21;7
23;14;51;10
24;27;7;14
23;49;8;25
5;50;8;47
23;32;10;12
56;16;43;9
3;21;11;89
24;36;23;15
23;20;11;24
8;20;36;11
20;15;27;26
38;19;53;10
15;61;15;38
9;20;30;28
43;18;41;20
61;7;37;13
13;27;17;20
16;81;10;23
39;17;21;23
19;43;9;14
16;4;58;36
43;65;17;4
14;24;6;36
11;22;37;35
7;11;47;17
23;30;30;32
13;17;25;62
49;32;8;11
20;19;75;15
26;34;9;29
21;25;11;34
59;5;41;11
31;30;13;24
50;36;15;15
13;67;7;45
47;37;15;18
15;25;19;37
5;65;8;23
13;84;10;29
16;39;17;37
36;59;13;23
23;24;25;51
19;10;47;30
13;18;25;48
48;23;33;4
3;38;8;105
24;12;23;24
23;97;12;11
42;39;13;23
13;26;25;44
11;12;30;21
26;30;19;9
49;51;10;14
3;55;6;66
10;11;40;36
35;4;36;11
20;10;19;36
52;11;22;12
26;64;6;24
25;32;21;14
15;7;39;46
16;14;76;35
35;33;19;20
11;30;23;32
23;26;40;72
51;18;15;8
15;6;102;15
17;27;8;35
50;17;34;14
37;59;11;10
3;18;44;17
10;41;6;23
76;14;31;6
13;21;26;35
17;8;71;16
19;11;49;28
30;6;69;20
47;4;85;17
13;14;33;22
43;20;23;9
26;21;65;12
4;34;22;86
9;49;8;38
100;31;10;5
23;9;52;10
14;34;21;59
56;26;18;15
38;25;19;15
8;40;12;50
15;40;28;75
34;32;11;9
88;30;18;8
12;25;21;85
31;6;53;12
10;9;62;31
11;10;48;36
4;45;10;66
17;6;52;34
34;69;22;20
6;31;27;63
30;29;15;25
31;17;54;6
13;27;20;13
3;72;10;57
6;46;15;56
15;4;69;44
14;38;7;51
6;24;51;31
10;66;13;15
7;62;9;79
24;37;16;11
23;76;5;11
6;24;31;68
16;35;12;22
44;10;48;19
67;5;58;11
18;28;20;20
44;26;10;13
41;14;20;9
18;6;82;21
14;20;38;26
70;26;10;13
56;23;27;3
13;26;45;15
3;20;45;63
12;11;31;47
46;16;15;18
49;36;14;8
127;13;24;7
34;83;5;27
28;66;5;28
77;23;24;5
10;16;26;68
6;10;26;90
51;6;42;10
16;14;19;19
55;40;21;14
11;11;13;60
16;19;39;34
30;75;9;8
21;20;17;38
10;13;45;51
51;34;11;10
19;7;107;11
54;14;55;19
16;12;48;24
30;71;6;18
15;7;70;22
24;18;25;35
9;45;20;60
8;18;17;33
20;27;21;22
58;8;41;8
28;39;10;19
54;11;59;8
78;24;43;6
71;21;37;3
9;29;11;57
3;19;18;85
17;16;24;21
31;11;29;15
40;38;23;8
29;46;23;50
48;14;37;27
27;8;34;24
6;25;19;40
43;24;33;30
6;27;33;50
27;10;82;6
30;10;55;9
77;26;26;10
42;48;10;27
13;13;18;27
19;57;10;19
36;26;10;8
28;38;7;45
20;58;8;28
6;23;16;66
16;68;9;47
37;11;55;8
29;65;6;9
93;27;23;6
63;7;78;4
30;54;9;16
20;30;17;13
29;17;19;22
21;35;16;19
29;52;11;11
32;7;45;13
6;65;11;55
13;59;10;55
15;15;24;38
24;106;2;22
10;37;12;28
44;15;24;6
106;11;43;4
5;51;6;73
6;24;13;91
24;18;23;10
34;33;10;52
12;63;12;20
9;35;13;22
56;16;34;11
74;35;12;8
38;12;40;9
26;65;5;37
36;15;38;25
31;45;8;27
36;35;24;17
20;7;107;23
19;7;55;23
43;47;11;23
17;16;18;29
13;31;17;23
33;12;47;16
28;4;93;17
21;64;5;38
35;16;27;27
24;18;21;17
10;33;29;50
4;20;21;105
27;67;6;10
41;19;44;19
88;31;17;6
7;25;10;29
8;42;26;25
29;21;21;18
8;31;24;32
69;16;40;14
19;41;28;10
46;5;86;15
18;9;31;66
12;52;8;22
26;11;62;19
39;7;62;17
7;20;18;71
13;10;39;23
16;9;26;57
17;47;13;32
60;55;14;10
22;30;11;44
17;19;35;57
7;57;6;51
10;49;7;41
15;49;7;29
19;104;3;14
19;33;12;45
26;8;26;12
5;35;13;31
25;18;44;9
29;14;41;29
20;37;11;53
25;4;95;12
28;23;19;25
50;17;20;15
8;15;20;79
52;17;20;12
85;50;8;7
13;12;95;23
50;37;20;7
19;37;10;27
14;31;21;15
17;32;14;58
32;10;41;16
37;57;8;26
15;32;25;41
26;33;24;10
20;15;16;16
8;38;5;59
9;33;37;63
7;38;7;44
22;12;21;19
13;12;28;29
12;32;27;39
27;15;26;18
53;14;28;4
62;34;9;7
32;27;42;35
40;16;17;8
4;41;7;73
5;70;2;31
46;27;17;9
31;13;77;12
10;20;19;8
28;18;25;10
47;6;42;9
19;11;37;35
27;41;18;43
11;22;14;40
23;94;6;22
28;10;30;16
29;17;26;14
12;23;21;16
36;18;36;10
33;42;15;9
18;9;36;57
20;24;20;27
25;6;105;10
18;2;87;21
33;15;18;19
25;14;25;8
63;17;14;15
22;6;57;29
33;21;16;6
9;41;17;16
49;25;40;9
11;25;42;44
17;14;30;14
14;28;26;52
42;9;54;15
8;15;34;29
12;15;61;32
14;24;10;33
4;14;37;77
44;8;39;11
42;46;9;4
20;28;17;25
24;14;25;16
11;22;23;42
22;95;6;11
39;10;55;9
20;12;64;26
15;9;62;47
41;29;12;14
15;41;18;19
34;72;14;24
15;9;37;40
3;48;10;32
11;20;29;34
11;6;39;26
42;11;61;10
8;53;14;62
22;15;26;26
37;26;21;12
20;80;4;25
8;16;94;24
18;18;26;29
7;6;43;34
40;17;42;24
45;16;40;11
43;11;44;20
8;82;7;53
20;4;69;33
43;2;81;10
37;5;39;6
27;42;21;23
13;16;33;31
26;39;15;39
28;46;9;15
14;37;9;42
16;30;10;78
24;43;16;15
10;25;12;39
27;49;22;35
31;74;12;18
15;40;17;47
66;14;48;12
12;17;38;27
61;5;48;6
66;32;20;5
17;49;17;41
19;33;9;31
45;4;73;12
10;16;22;79
16;43;6;32
59;17;36;12
6;19;33;78
6;30;8;28
26;18;17;28
14;30;18;24
5;80;12;56
19;27;28;19
23;33;8;28
25;27;8;20
29;24;56;18
26;69;20;32
16;57;16;29
9;39;10;26
28;11;22;11
3;52;9;64
10;36;27;31
67;30;22;2
9;51;19;16
24;67;7;7
40;18;38;20
19;11;36;37
19;29;21;30
36;58;5;16
16;127;8;20
19;82;10;29
45;19;12;20
82;11;31;5
59;36;17;12
30;44;8;9
24;7;48;37
17;33;10;14
21;7;69;25
14;3;52;33
47;5;35;15
41;12;20;21
27;38;22;24
10;26;26;39
57;26;15;4
40;37;22;10
31;6;38;41
30;17;10;24
57;53;13;13
7;17;46;38
31;25;28;14
10;19;24;39
18;15;13;32
26;14;16;25
48;18;20;7
8;16;62;40
38;31;13;15
25;53;17;13
12;12;14;56
39;19;60;19
40;16;68;12
29;73;13;17
18;7;26;34
13;36;30;21
55;21;46;19
7;36;8;67
24;25;19;56
18;12;28;26
18;5;60;27
4;20;16;21
14;15;35;21
14;54;13;17
12;6;74;22
7;40;14;38
109;6;25;2
24;48;16;26
10;20;16;76
11;24;17;34
54;21;36;19
23;20;30;13
26;42;12;25
55;7;76;12
16;11;9;24
15;44;6;26
37;13;18;31
15;51;9;54
8;51;20;51
13;16;22;16
91;9;22;6
50;36;21;16
35;11;33;13
46;51;11;11
34;76;6;6
37;17;30;11
31;40;25;41
23;10;67;29
2;29;19;24
59;28;14;10
22;29;13;17
33;12;29;19
11;17;25;53
31;7;82;26
55;25;21;8
8;24;43;32
29;20;15;10
64;6;51;7
37;23;11;20
9;17;18;35
16;14;38;33
44;37;18;7
66;11;44;7
21;18;26;23
23;38;20;10
61;4;33;12
37;16;59;20
12;38;5;64
22;19;32;10
59;18;15;19
23;8;27;30
21;27;33;15
2;63;5;69
29;41;25;16
35;7;56;9
37;72;4;14
14;47;27;45
5;65;7;56
13;17;59;19
51;14;60;21
14;36;14;25
42;10;54;16
15;8;60;22
80;3;56;6
14;20;27;43
12;17;24;58
5;15;20;93
19;12;58;5
41;20;17;17
32;15;23;7
20;12;51;40
7;38;5;83
30;4;34;15
33;48;13;12
24;54;7;28
9;14;46;32
4;77;7;42
9;37;9;27
33;0;66;17
50;33;18;12
5;59;7;33
12;15;80;16
7;44;14;66
23;11;15;18
19;22;14;11
8;8;39;51
51;19;19;41
21;6;48;13
17;69;6;51
23;42;15;52
17;26;17;33
26;34;45;23
10;12;40;52
14;16;24;42
25;29;7;31
8;30;22;50
27;11;43;5
8;33;37;29
30;6;56;30
64;25;13;13
44;8;53;12
20;17;24;33
24;45;22;42
26;39;34;18
8;99;5;21
24;40;24;23
32;24;28;15
32;9;36;13
25;5;65;22
2;58;25;41
62;30;20;13
70;18;26;19
14;10;46;23
42;17;48;19
19;22;16;12
14;56;16;55
21;7;68;7
17;3;64;35
7;36;30;13
10;13;41;19
92;16;26;9
34;62;8;14
16;7;64;18
22;15;29;21
11;16;32;48
21;21;33;26
11;23;29;20
12;12;44;28
17;22;34;19
27;37;15;19
20;52;8;25
8;26;8;65
19;57;20;18
9;28;46;34
18;13;24;15
76;17;8;15
36;11;30;11
70;12;50;8
19;33;23;35
14;19;21;33
64;13;23;7
9;39;10;41
4;24;19;78
24;21;42;42
17;85;8;17
122;12;28;1
45;5;47;14
37;26;33;26
14;21;19;28
23;10;18;30
12;12;49;28
5;82;4;56
13;21;19;35
11;40;13;82
20;40;4;35
43;16;15;11
30;50;24;17
20;37;6;28
25;11;30;28
26;16;13;31
25;4;112;11
17;84;8;47
20;29;39;45
5;57;4;37
8;18;42;35
25;12;39;37
23;8;61;40
28;21;12;30
24;18;62;6
78;13;13;13
5;17;30;93
44;8;74;13
26;7;55;15
37;12;40;14
22;28;46;18
26;20;12;18
6;9;41;36
21;4;46;27
12;66;6;39
8;20;15;38
4;39;7;44
38;34;7;28
24;9;96;9
9;28;23;15
25;43;13;12
18;15;43;24
8;10;25;70
42;44;20;34
51;85;12;5
19;16;22;27
23;40;20;25
67;23;47;8
20;52;11;72
7;86;2;34
20;61;12;21
26;49;6;35
9;19;22;48
35;8;63;18
39;32;14;13
78;9;13;8
13;54;9;52
23;25;19;17
97;14;22;9
13;57;11;43
14;44;13;21
30;15;47;13
10;29;18;82
26;9;44;16
17;15;19;30
70;20;10;10
84;23;28;11
13;11;50;20
10;43;19;40
14;14;41;34
12;12;16;22
26;15;16;23
3;70;15;60
18;8;40;14
61;10;43;7
16;12;17;19
8;20;22;31
78;22;14;11
71;10;28;6
25;54;11;38
56;4;81;12
47;17;22;8
13;16;24;33
21;5;34;37
18;44;14;85
59;15;50;18
111;21;29;3
22;18;35;41
9;24;34;75
58;22;27;7
39;8;30;27
6;25;45;41
5;29;19;68
8;35;16;47
46;14;31;7
12;33;13;29
45;34;15;28
49;36;12;14
39;5;74;20
24;29;24;31
38;10;77;7
42;13;26;11
24;11;12;15
10;40;14;41
5;63;14;59
34;33;20;16
23;70;4;16
10;44;1;79
7;24;16;48
8;48;11;55
7;45;13;62
84;16;40;5
17;8;47;10
18;16;40;33
22;13;42;17
32;4;77;28
53;4;65;10
36;52;10;8
10;73;21;20
19;11;21;20
14;8;74;44
29;21;13;17
51;32;41;15
41;8;28;21
31;13;81;11
22;15;56;41
5;39;10;27
5;71;13;46
5;28;12;37
0;45;10;95
7;105;6;30
12;84;5;22
5;35;18;58
12;30;20;40
31;14;58;10
12;4;46;48
56;11;37;30
17;39;16;22
43;40;8;16
14;34;20;39
9;7;59;35
10;22;11;23
13;25;27;32
7;73;3;52
45;14;43;3
41;12;45;21
81;21;22;7
6;34;20;92
18;19;6;64
48;17;28;10
24;12;54;18
18;19;48;22
20;39;12;19
42;40;14;15
9;46;11;89
2;21;42;39
20;2;79;23
10;21;31;64
19;28;10;37
34;54;12;45
41;20;27;21
48;29;30;10
51;14;37;20
50;17;18;10
13;62;15;26
7;19;53;28
14;34;33;24
26;25;29;34
10;14;40;29
53;35;35;9
70;30;7;4
10;27;14;75
8;20;12;33
3;37;26;89
12;80;5;30
38;45;19;8
20;6;61;16
10;69;8;42
43;25;23;29
31;13;62;23
21;48;9;28
8;30;10;69
46;8;36;20
7;41;8;65
15;57;5;30
50;9;53;4
11;15;45;41
38;10;58;30
14;11;19;36
27;13;51;12
43;75;9;10
33;37;35;28
56;37;20;17
15;11;34;26
51;40;18;15
70;14;35;9
82;30;23;7
25;56;5;15
30;44;15;16
12;32;15;68
41;38;18;18
6;27;17;98
16;10;34;63
37;20;64;16
9;46;10;46
8;23;16;36
44;10;46;24
28;78;10;13
13;6;64;31
4;36;13;95
7;32;16;96
18;24;31;13
40;15;14;16
22;22;15;23
28;36;13;11
27;43;13;13
61;24;17;8
59;52;12;15
26;19;32;15
26;6;71;39
61;30;11;11
59;26;24;11
13;14;30;47
16;10;63;25
6;46;11;57
6;49;10;66
15;13;20;41
5;21;15;36
6;51;4;59
11;32;9;23
13;64;8;31
21;20;20;23
22;16;28;13
31;3;111;16
24;23;18;45
23;6;56;41
24;64;4;36
46;8;50;6
12;112;3;26
18;62;8;12
26;24;28;14
10;30;16;23
12;18;39;24
52;24;15;22
25;37;6;57
13;8;44;55
32;21;34;20
44;51;16;15
33;9;62;26
54;21;41;21
52;22;34;13
30;12;95;14
3;30;20;77
24;11;21;44
6;29;26;17
30;11;37;22
43;22;30;7
42;56;15;15
40;26;16;13
63;27;18;7
34;13;66;17
12;60;6;71
19;50;13;22
27;16;18;17
24;46;14;7
54;8;49;28
9;13;20;48
37;29;22;6
12;50;22;54
8;10;26;56
7;31;15;23
73;20;20;6
37;26;36;20
40;34;15;18
29;56;7;30
22;13;15;60
25;18;44;15
23;39;9;21
15;10;78;16
28;25;12;46
56;13;51;7
17;20;44;14
11;62;2;39
24;52;13;26
41;17;41;26
18;51;8;12
20;16;13;58
4;46;6;43
43;50;7;21
18;12;58;23
9;20;44;44
73;19;47;7
10;36;10;93
20;45;7;25
24;17;16;21
25;26;51;6
18;38;15;23
40;58;8;14
7;10;46;47
16;16;22;52
93;14;23;13
12;92;6;24
21;10;50;24
20;18;12;29
20;17;21;18
8;28;7;87
25;6;33;37
28;38;8;26
20;19;26;36
56;9;23;4
36;88;15;5
13;19;25;27
14;45;3;26
26;11;17;12
64;14;59;2
5;52;19;50
9;10;48;67
2;24;28;81
18;7;45;26
69;32;15;12
8;10;37;42
37;97;8;5
30;8;28;47
10;18;25;45
13;51;11;23
11;25;9;32
29;4;17;15
19;3;80;19
22;38;34;21
15;25;26;10
17;50;8;49
13;30;14;30
27;20;20;33
24;26;22;18
33;23;10;8
19;20;20;11
52;31;6;13
12;6;80;49
29;45;8;25
60;17;18;6
15;20;66;13
34;9;70;17
28;12;19;11
35;6;58;10
44;9;22;19
106;12;31;3
55;13;30;25
14;22;28;13
12;17;39;38
31;21;30;23
22;76;5;20
69;20;29;7
26;4;91;12
84;28;21;7
32;3;55;19
28;15;62;28
23;17;26;12
6;20;39;67
13;81;19;36
14;21;29;39
28;4;82;17
18;60;9;70
16;21;22;15
47;7;72;6
19;33;11;18
38;48;5;7
62;20;29;9
42;20;21;19
5;16;49;64
55;9;55;17
11;26;32;26
1;18;13;124
51;56;18;13
25;3;55;17
110;10;28;8
22;32;15;21
12;4;10;18
15;78;3;27
11;11;61;35
11;21;26;57
50;8;41;19
33;8;63;9
12;18;44;34
28;5;60;26
13;32;5;46
26;22;28;36
35;16;58;16
28;33;25;50
64;6;17;5
23;3;67;26
3;48;2;48
31;30;23;15
29;12;24;13
25;23;40;41
27;11;38;6
3;17;54;57
10;75;7;46
44;2;54;27
18;24;21;19
22;36;17;23
15;70;23;41
23;56;11;11
11;14;63;46
45;11;32;22
72;23;30;6
37;10;34;24
8;58;16;50
11;44;12;20
27;17;33;17
7;18;17;26
8;48;8;69
24;19;20;13
19;63;11;36
21;14;52;34
15;15;60;27
17;60;12;13
49;57;14;11
6;27;26;74
11;24;22;71
6;40;15;45
9;23;39;37
12;22;15;52
12;66;10;25
35;11;16;21
24;7;66;12
36;32;21;24
18;16;50;23
3;30;12;57
10;16;32;16
12;31;8;48
97;18;15;7
39;3;57;19
12;68;6;61
33;9;26;27
8;27;18;40
6;22;27;72
22;3;60;30
44;28;10;13
7;37;13;26
50;24;22;16
8;47;8;56
4;31;32;74
12;15;19;60
30;16;60;9
24;55;8;34
20;9;64;20
15;25;26;39
31;25;40;20
78;20;9;13
19;45;12;42
16;27;18;15
16;25;23;27
13;11;56;44
6;21;9;91
65;26;36;10
28;50;3;35
37;20;42;10
12;6;70;22
26;50;16;48
13;29;17;25
9;30;17;27
24;23;49;18
36;7;45;5
13;27;8;20
13;26;16;41
23;10;27;17
19;40;8;69
28;12;43;22
20;18;24;15
27;12;10;11
52;43;22;12
26;21;16;6
24;12;32;46
76;15;23;8
23;50;9;20
13;40;11;24
40;8;65;27
77;7;35;8
53;9;28;19
12;41;21;57
28;38;24;42
42;5;79;13
17;78;2;29
18;25;23;12
76;7;39;3
15;29;43;19
21;9;36;28
15;53;12;18
21;60;12;28
49;5;40;8
23;12;33;20
27;6;55;30
56;10;35;33
17;9;31;16
41;50;8;12
13;26;8;43
37;11;19;16
9;17;34;55
22;13;22;16
16;41;35;37
35;3;80;17
5;18;30;23
13;19;15;17
11;39;4;71
67;13;38;10
29;29;17;17
30;34;14;38
12;37;17;67
11;8;37;42
21;14;24;62
43;12;25;10
32;62;16;7
33;50;10;32
10;16;21;54
30;28;15;11
15;26;20;36
11;7;71;33
13;81;11;53
61;47;11;12
70;5;37;2
44;49;9;3
9;59;19;24
32;53;6;13
51;66;8;8
12;21;8;37
25;34;7;21
45;26;29;14
68;14;38;8
43;19;43;16
16;22;59;17
19;115;9;21
6;13;32;76
22;14;35;18
42;36;15;26
43;12;30;9
13;45;10;24
9;69;8;48
43;35;21;18
55;24;14;9
35;46;15;26
7;8;36;47
21;17;32;21
11;34;12;49
31;14;13;24
40;14;30;18
20;30;36;42
95;7;22;2
14;24;32;44
40;13;20;9
5;89;8;42
24;27;9;34
64;21;51;9
6;15;63;48
23;8;35;22
26;6;64;6
8;3;55;56
25;15;47;20
83;13;46;5
24;12;45;41
14;26;21;25
22;15;19;4
11;9;15;57
21;58;17;51
23;53;16;14
22;20;25;18
60;33;17;18
32;6;75;16
14;18;19;37
51;37;19;7
23;35;11;15
43;12;28;12
35;3;77;10
20;12;33;18
15;20;41;22
29;15;43;16
14;31;20;42
14;38;7;25
10;82;5;36
57;4;81;6
24;10;28;36
26;5;46;26
33;18;54;17
22;35;11;20
54;35;7;12
20;3;134;13
17;11;69;19
31;62;10;14
56;8;38;7
38;13;42;9
27;23;25;9
42;10;18;9
6;25;19;80
44;32;9;9
21;27;9;25
26;31;10;20
8;25;44;31
79;19;44;4
10;21;14;30
18;14;37;11
20;13;70;42
40;30;25;15
24;14;49;28
18;1;57;41
30;22;24;11
5;13;20;48
24;14;38;53
26;66;8;28
13;27;28;37
22;21;10;16
9;99;13;35
18;16;47;27
23;15;4;18
1;18;18;122
14;36;27;20
18;36;13;36
23;25;41;21
37;19;8;24
21;14;18;23
17;28;30;69
6;40;17;37
11;19;33;46
9;39;14;27
13;43;8;22
13;46;7;20
31;37;15;14
44;48;4;24
51;12;18;11
20;12;24;58
42;9;60;23
34;13;57;16
42;33;18;16
10;82;11;45
38;31;21;11
24;37;8;24
12;53;16;47
29;54;22;13
15;19;24;52
25;19;15;23
80;26;26;5
8;12;47;35
20;16;54;15
55;15;81;5
94;27;11;8
23;22;15;25
15;17;67;20
8;45;24;13
34;71;8;11
27;74;6;27
28;5;79;14
64;4;34;17
11;26;21;34
41;22;8;16
13;17;37;41
4;59;9;60
13;7;40;45
26;10;35;21
13;104;4;24
21;85;4;30
21;35;6;31
104;13;37;4
59;24;14;23
37;14;65;26
30;43;15;21
38;35;16;12
9;10;21;60
42;12;22;16
5;10;24;92
10;33;7;63
21;12;67;9
23;35;12;25
11;4;48;51
28;13;30;8
60;28;14;12
20;37;11;18
8;15;35;51
54;15;29;8
75;37;14;7
7;14;42;60
91;7;44;5
29;10;63;15
21;27;22;36
30;33;39;30
9;46;10;36
33;19;35;24
65;29;39;22
52;28;25;5
16;32;25;36
50;46;5;13
12;15;27;55
25;55;11;28
9;23;24;64
19;11;34;22
43;37;22;9
10;12;38;60
7;14;36;64
5;13;60;62
44;11;36;7
23;83;3;31
22;53;14;27
10;9;42;42
71;21;34;11
5;27;34;61
19;15;43;13
12;25;36;28
30;11;30;10
25;11;62;41
66;21;39;8
45;28;21;14
42;22;14;18
22;52;11;17
11;61;14;40
23;38;9;17
25;65;7;16
11;104;0;28
32;22;13;21
18;9;81;16
13;72;13;15
36;12;31;9
46;21;33;25
7;22;27;51
12;32;6;40
14;13;29;41
28;10;33;15
10;13;54;27
12;6;30;43
50;49;17;13
13;14;42;36
61;7;29;6
15;22;19;21
11;21;19;20
16;32;7;61
30;30;34;8
24;8;27;24
43;63;9;12
42;26;26;21
38;8;68;7
55;9;41;18
32;48;11;33
10;12;33;53
7;10;32;80
60;18;33;6
35;31;21;24
126;7;18;1
8;16;19;66
26;8;51;9
43;36;8;20
9;33;8;23
49;4;67;10
74;19;41;7
39;68;12;16
27;34;39;30
34;7;60;16
49;44;27;14
38;47;12;40
31;15;22;12
34;39;14;44
10;48;14;44
21;65;8;49
12;15;43;33
28;52;3;24
18;122;2;14
54;23;35;26
23;13;40;17
34;82;5;17
15;23;32;83
16;87;2;29
16;35;12;40
9;69;11;51
22;34;20;12
52;17;19;5
11;21;7;92
16;3;121;14
49;19;23;23
47;17;13;6
17;15;17;26
33;67;8;13
5;33;11;83
62;20;28;18
36;18;21;12
62;12;57;10
9;19;22;35
16;6;93;27
16;10;29;33
42;21;43;28
59;15;31;18
27;39;13;19
48;23;17;9
22;23;33;11
21;21;32;39
33;58;22;19
23;29;10;68
11;31;11;26
55;33;21;12
17;13;29;34
21;7;25;46
65;18;8;12
13;28;39;31
37;8;56;12
54;17;35;6
14;13;38;36
46;39;24;7
71;14;22;16
69;60;6;14
29;20;25;7
25;15;27;13
40;7;73;18
17;18;31;18
65;42;12;19
23;3;65;22
40;8;59;28
25;41;9;61
51;16;24;27
19;32;16;53
37;10;34;12
70;30;11;18
31;37;14;9
20;80;17;11
21;9;70;15
6;45;12;39
9;43;28;44
3;26;29;44
13;11;27;67
11;25;28;69
48;3;65;10
69;14;43;9
8;36;23;89
45;66;8;14
1;30;9;123
14;15;26;23
73;16;26;7
42;12;33;6
9;21;9;96
5;28;19;28
17;28;24;47
75;29;13;7
12;13;48;47
8;39;12;38
37;5;46;25
49;11;35;7
42;9;32;39
35;49;12;9
20;46;9;49
77;26;26;4
37;17;44;28
20;52;5;56
13;32;20;26
11;32;15;36
9;20;16;41
19;10;41;15
59;12;31;7
16;43;16;30
26;34;6;19
54;8;62;25
46;6;60;14
62;22;52;7
4;33;13;68
80;16;26;5
18;10;67;46
30;28;11;29
26;50;19;28
13;18;70;32
11;42;20;49
27;54;11;25
25;22;18;12
15;36;16;39
8;20;13;26
6;56;2;53
45;14;27;14
19;94;7;26
12;11;32;21
53;26;31;10
14;18;24;53
8;29;12;19
39;29;23;15
34;12;53;20
32;26;13;16
67;21;34;7
20;56;7;19
53;48;13;4
12;17;12;38
27;17;36;18
36;13;27;16
14;13;33;63
34;10;25;11
37;22;48;26
6;35;12;84
12;51;12;49
40;14;20;22
30;9;41;30
17;13;35;22
19;21;13;50
16;20;22;18
40;2;89;5
61;11;24;10
20;24;17;33
13;13;34;24
19;30;37;11
19;7;39;43
6;42;24;34
7;16;28;54
15;21;78;19
8;45;13;26
11;19;53;55
23;36;23;25
9;12;64;43
15;23;26;11
22;43;6;19
20;52;22;13
25;40;24;14
19;37;8;20
14;13;19;53
27;10;40;10
25;6;31;29
14;17;68;20
43;23;26;29
61;13;19;5
66;23;41;10
31;62;7;31
9;22;22;67
65;19;18;11
61;18;23;7
103;21;20;2
11;22;23;56
13;49;9;22
4;17;25;45
50;5;42;9
22;74;6;12
22;13;19;40
28;39;15;14
20;12;19;32
25;23;19;16
16;40;10;69
27;62;11;36
20;25;7;19
39;26;15;17
8;27;11;59
24;4;57;18
6;43;31;57
49;46;19;7
64;34;21;13
17;19;49;12
25;66;8;28
11;28;39;20
27;5;33;24
31;38;16;9
25;58;9;13
38;16;65;13
49;1;53;12
28;23;59;31
24;43;10;12
14;23;12;57
24;57;4;32
41;24;28;11
23;20;24;18
13;12;83;24
13;16;16;29
18;31;8;35
9;45;13;21
103;19;10;3
22;13;59;11
16;11;61;33
20;33;18;15
53;30;35;15
29;31;8;43
8;17;23;50
19;101;1;22
9;39;20;41
57;30;16;15
6;24;12;81
61;11;42;14
17;15;22;21
20;10;108;16
11;50;15;67
21;14;47;35
2;12;72;31
6;18;35;86
20;69;10;23
39;40;39;16
15;17;42;27
43;7;39;24
21;29;13;41
12;14;28;82
88;18;22;6
69;16;10;9
14;13;42;27
20;21;17;22
37;4;65;20
8;41;9;44
24;35;28;30
13;22;8;26
8;11;35;33
25;56;17;59
12;49;4;89
8;46;7;68
10;88;7;27
18;13;23;13
10;23;10;27
22;17;17;35
9;18;37;36
35;31;9;21
24;61;5;25
59;12;36;15
5;38;7;71
23;38;8;23
9;49;8;27
26;62;10;18
27;11;95;23
5;36;19;70
12;19;21;28
10;18;16;29
39;10;46;7
71;52;16;7
33;63;15;12
29;52;12;20
21;20;24;27
46;44;20;15
18;23;31;8
48;35;36;7
19;5;44;53
18;10;50;23
61;29;13;10
11;10;59;23
35;37;14;23
80;16;29;8
7;7;81;25
22;10;49;25
13;68;2;35
33;46;14;18
15;96;5;18
6;28;31;18
19;38;10;50
16;35;21;34
11;22;45;47
27;7;59;16
36;33;9;11
22;7;36;18
19;14;38;16
46;28;18;11
10;29;22;77
31;35;16;33
22;8;77;36
20;40;16;16
15;41;5;31
61;12;31;12
33;26;38;38
14;19;19;33
35;10;28;24
26;9;29;13
85;11;47;3
44;12;18;18
52;29;18;13
6;40;44;34
19;17;28;53
28;15;75;11
9;8;46;32
11;40;17;25
14;86;5;41
15;26;21;38
10;30;17;32
27;67;11;34
19;8;56;41
87;9;32;2
20;5;55;5
13;51;10;63
9;10;29;58
34;11;30;3
32;8;56;15
30;49;14;27
46;19;20;8
58;3;71;10
6;61;10;43
28;65;6;29
14;7;64;39
16;18;29;30
61;35;10;7
40;13;37;13
14;52;5;25
21;41;10;15
7;44;11;73
14;20;8;34
51;17;50;9
38;56;9;13
34;37;34;23
57;44;15;7
82;21;24;18
4;16;9;108
26;7;57;16
28;14;42;18
31;58;7;15
10;31;30;14
5;63;4;85
8;36;7;32
37;32;8;20
4;47;16;98
15;14;14;15
45;7;22;14
18;27;12;44
20;25;32;33
30;3;56;32
26;13;33;18
18;15;26;6
17;14;93;22
10;27;9;40
3;71;12;49
31;21;29;8
24;55;16;40
37;51;6;16
29;5;120;12
54;22;8;10
13;19;39;31
42;9;68;28
36;30;13;19
28;17;20;17
18;7;87;8
12;9;61;20
32;30;41;27
34;15;31;23
4;15;14;88
17;55;18;45
46;7;68;11
35;24;17;13
70;9;24;6
12;24;8;74
68;14;51;11
12;38;16;35
5;21;54;60
23;36;20;15
50;21;52;22
36;29;14;17
40;7;45;25
93;10;23;9
15;19;18;12
19;28;30;15
73;56;12;7
65;16;15;15
42;15;50;22
12;40;31;52
47;54;5;23
43;38;15;11
3;19;15;96
23;6;119;11
27;33;6;39
15;25;37;26
58;33;14;8
17;32;15;43
27;43;13;64
79;8;64;7
5;61;16;57
33;33;17;20
30;5;72;17
27;57;11;13
66;11;42;7
55;18;23;8
85;18;25;5
16;32;26;15
14;51;18;36
14;33;12;40
103;5;19;4
37;17;30;17
28;31;17;31
16;86;6;34
40;65;14;10
90;11;49;4
26;44;19;32
5;17;16;117
87;9;36;12
24;7;29;46
18;21;29;23
51;38;13;6
4;18;21;93
12;11;25;63
8;32;12;24
1;24;20;72
18;14;28;20
11;5;69;25
9;16;32;48
60;24;18;14
4;14;46;47
12;15;49;43
23;108;1;24
42;34;7;25
25;59;8;13
28;22;31;15
31;10;43;10
18;1;87;19
18;39;13;21
11;20;23;43
14;25;26;11
23;41;15;22
26;6;57;33
57;27;15;23
46;56;13;17
13;19;22;43
39;15;48;8
114;17;14;4
21;60;12;43
42;28;13;15
9;10;27;36
83;26;16;4
24;15;40;34
42;30;25;10
55;13;36;5
28;53;5;23
25;24;40;17
23;13;24;41
14;21;16;18
24;35;34;41
28;76;7;15
10;29;23;34
16;18;37;37
31;30;22;27
68;22;25;5
9;95;7;30
48;15;28;9
25;6;66;39
31;12;29;18
39;20;16;17
17;36;21;48
7;11;32;83
8;21;20;23
32;31;8;11
20;22;8;21
7;19;15;36
23;17;28;41
11;7;32;76
5;12;26;84
29;21;14;55
11;23;24;68
24;29;21;18
21;33;8;19
9;20;62;23
16;12;63;28
47;9;72;14
15;9;47;63
59;14;24;10
74;16;19;7
35;17;33;20
11;4;30;64
21;21;21;27
10;12;76;42
6;26;19;53
10;25;18;49
78;31;10;10
116;14;11;7
13;27;33;27
34;14;35;16
32;8;23;10
9;24;21;92
67;35;31;14
64;12;28;9
4;50;24;78
30;28;16;11
25;27;45;17
30;69;5;20
9;20;24;60
16;50;20;17
52;20;53;30
29;50;13;40
27;16;72;15
25;49;22;26
19;5;37;19
5;37;15;85
15;33;10;35
15;24;27;17
10;36;13;34
121;10;25;11
24;6;51;18
8;10;75;41
9;17;33;67
14;21;23;22
7;55;15;48
9;115;3;29
12;11;40;15
37;22;38;16
62;18;52;7
30;70;9;32
85;25;16;6
23;86;3;14
21;57;17;13
60;24;15;8
52;38;28;2
5;23;24;56
21;17;11;16
29;50;11;19
21;44;17;33
25;23;15;12
43;27;17;17
7;40;18;36
12;12;60;15
76;40;10;5
30;29;25;13
15;43;33;21
21;75;9;34
25;19;56;23
28;9;79;12
25;23;25;32
45;8;30;7
24;7;88;16
3;44;13;57
30;10;19;8
31;12;38;10
33;10;42;10
39;20;27;15
11;30;22;37
38;24;46;13
28;63;7;30
21;45;6;15
16;18;30;37
2;60;11;20
32;22;19;37
20;21;29;42
17;35;19;16
22;11;45;21
90;19;29;10
16;53;9;19
13;33;9;44
53;7;37;5
13;12;61;28
51;22;19;10
25;12;50;33
38;13;24;14
62;12;48;6
19;12;24;33
38;15;32;9
32;41;23;28
35;17;19;20
5;38;8;74
18;8;40;40
50;24;32;21
1;70;8;60
81;27;20;5
10;62;13;37
3;39;23;53
16;10;13;27
80;16;29;15
13;10;12;13
20;56;18;35
59;21;54;3
21;51;6;34
9;8;51;49
40;30;22;12
25;15;38;17
34;65;10;13
16;33;10;94
16;8;51;26
28;14;12;14
63;39;11;14
15;18;30;26
15;95;1;19
80;34;7;6
44;23;63;12
2;30;22;67
47;54;20;8
17;19;45;10
42;7;20;10
15;58;11;52
5;23;6;83
14;40;10;41
32;10;32;12
14;21;43;24
37;11;11;13
29;27;20;12
58;27;18;16
15;23;33;23
37;19;53;25
8;41;7;40
17;23;31;52
26;10;66;11
30;6;81;18
21;10;61;26
29;14;57;26
14;4;68;29
21;34;25;16
23;17;36;20
9;36;8;97
10;69;4;44
35;5;52;25
43;47;9;11
38;10;21;14
39;7;41;11
33;108;8;16
8;18;26;32
14;19;38;33
7;45;13;99
34;27;9;30
15;8;65;30
19;84;3;21
52;26;32;21
14;19;23;31
18;17;48;38
92;20;27;6
10;69;7;31
11;34;8;65
21;11;48;14
38;33;30;15
27;6;54;9
28;70;17;24
25;31;16;36
20;15;50;35
7;48;17;65
9;19;52;67
2;44;5;43
10;28;10;56
25;6;24;23
31;14;36;35
34;55;11;25
25;4;30;25
21;45;8;29
58;26;23;15
36;36;8;12
71;25;19;7
52;44;9;23
23;19;22;14
41;24;11;17
21;15;23;26
15;9;61;23
20;2;83;9
17;21;34;29
16;69;18;31
22;13;24;18
22;35;14;32
22;54;6;45
19;53;11;23
8;69;11;35
9;21;23;63
40;27;22;10
42;20;56;25
33;83;5;16
45;30;12;46
75;23;23;6
31;14;35;13
51;25;10;7
9;13;58;10
36;8;24;17
15;39;9;33
25;85;14;28
7;40;23;31
7;31;11;25
23;15;46;26
24;32;15;10
41;8;21;17
10;31;25;70
7;38;9;87
4;8;22;80
12;22;4;29
35;5;32;20
75;11;33;19
20;21;25;22
5;14;43;58
6;34;18;92
26;67;12;21
7;53;13;38
26;35;21;23
9;20;32;58
23;44;14;46
31;20;55;5
17;9;77;12
18;12;47;28
4;37;12;54
10;54;10;29
12;16;36;48
8;57;17;43
30;45;10;33
38;31;34;8
7;20;43;63
33;36;18;6
62;32;15;6
54;10;37;7
39;11;23;10
34;26;17;13
49;28;12;21
67;6;55;10
10;7;54;48
10;32;5;34
41;37;12;16
5;11;49;68
12;47;13;25
47;36;11;18
29;10;39;21
26;27;48;32
46;13;47;9
32;46;6;11
35;43;20;24
15;17;19;27
10;38;3;70
66;34;9;18
21;13;26;13
24;5;54;29
31;18;15;12
20;28;21;22
16;28;17;20
31;41;7;16
4;26;21;104
17;25;45;27
10;15;49;49
53;20;26;32
45;32;16;8
32;17;32;44
9;11;11;107
31;14;31;18
39;25;44;24
43;15;31;10
46;41;12;10
38;18;24;11
17;7;78;17
9;36;6;50
17;14;44;16
51;51;14;8
48;16;46;14
58;10;50;2
15;21;23;63
24;12;80;15
26;16;15;8
80;15;11;7
27;60;9;23
42;23;23;16
4;19;21;110
34;21;7;24
24;13;34;32
38;22;38;16
21;75;10;29
23;15;46;11
32;16;25;36
48;18;12;19
19;15;22;26
27;7;41;24
6;42;14;36
12;12;66;18
26;13;61;8
16;29;41;54
7;12;41;59
38;21;44;9
